subject;content;locale;author
Introdução à Localização;A localização é o processo de adaptar um produto ou conteúdo a um mercado específico.;pt-BR;fulano1@bureauworks.com
La Importancia de la Traducción;La traducción es crucial para la comunicación entre diferentes idiomas y culturas.;es-ES;fulano2@bureauworks.com
ローカライゼーションツール;翻訳管理システムなど、コンテンツのローカライゼーションを容易にするさまざ まなツールがあります。;ja-JP;fulano3@bureauworks.com
Challenges in Translation;A tradução envolve desafios como manter o contexto e o significado original do texto.;en-US;fulano1@bureauworks.com
Traducción Automática;La traducción automática utiliza inteligencia artificial para traducir textos rápidamente.;es-ES;fulano2@bureauworks.com
ソフトウェアのローカライゼーション;ソフトウェアのローカライゼーションには、ユーザーインターフェース や技術文書の翻訳が含まれます。;ja-JP;fulano3@bureauworks.com
Localization Process;O processo de localização envolve várias etapas, desde a tradução até a adaptação cultural.;en-US;fulano1@bureauworks.com
Qualidade na Traducción;La calidad de la traducción es fundamental para garantizar la claridad y precisión del contenido.;es-ES;fulano2@bureauworks.com
ローカライゼーションのトレンド;ローカライゼーションのトレンドには、AIや機械学習の活用が増えています。;ja-JP;fulano3@bureauworks.com
Translation and Localization;Translation and localization are complementary processes that ensure content is globally accessible.;en-US;fulano1@bureauworks.com